State,Median
Delaware,"83,382"
Maryland,"81,084"
Washington,"75,418"
New Hampshire,"74,801"
Colorado,"74,172"
Hawaii,"73,575"
Massachusetts,"73,227"
New Jersey,"72,997"
Connecticut,"72,780"
Alaska,"72,231"
Minnesota,"71,920"
Utah,"71,319"
Virginia,"71,293"
California,"69,759"
Rhode Island,"66,390"
Oregon,"64,610"
Illinois,"64,609"
Vermont,"63,805"
Iowa,"63,481"
Wisconsin,"63,451"
Pennsylvania,"63,173"
New York,"62,447"
D.C.,"62,318"
United States,"61,372"
Arizona,"61,125"
Idaho,"60,208"
North Dakota,"59,886"
Ohio,"59,768"
Nebraska,"59,619"
Texas,"59,295"
Montana,"59,087"
Indiana,"58,873"
Kansas,"57,872"
Wyoming,"57,837"
Michigan,"57,700"
Georgia,"57,016"
South Dakota,"56,894"
Missouri,"56,885"
Nevada,"56,550"
Tennessee,"55,240"
Oklahoma,"55,006"
South Carolina,"54,971"
Florida,"53,681"
Maine,"51,664"
Kentucky,"51,348"
Alabama,"51,113"
North Carolina,"50,343"
Arkansas,"48,829"
New Mexico,"47,855"
West Virginia,"45,392"
Louisiana,"43,903"
Mississippi,"43,441"